Year,Category,Vehicle,Distance,Unit,Factor,Factor_Unit
2022,국내,항공,626306.5672353962,KM,0.15,kgCO2/km
2022,국내,철도,885350.1801838079,KM,0.03,kgCO2/km
2022,국내,버스,34261.110569340795,KM,0.0277,kgCO2/km
2022,국내,자차,626703.590106369,KM,0.21,kgCO2/km
2022,해외,항공,6169236.0,KM,0.02011,kgCO2/km
