Year,Vehicle,Distance,Unit,Factor,Factor_Unit
2022,자차(택시포함),15647397.999999994,KM,0.21,kgCO2/km
2022,통근버스,10024092.000000011,KM,0.0277,kgCO2/km
2022,버스,2418468.000000001,KM,0.0277,kgCO2/km
2022,지하철,3579133.999999999,KM,0.00153,kgCO2/km
